<?xml version="1.0" encoding="UTF-8"?>
<ClinicalDocument xmlns:xsi="http://www.w3.org/2001/XMLSchema-instance"
    xmlns="urn:hl7-org:v3" xmlns:cda="urn:hl7-org:v3">
    <realmCode code="US" />
    <typeId root="2.16.840.1.113883.1.3" extension="POCD_HD000040" />
    <templateId root="2.16.840.1.113883.10.20.22.1.2" />
    <id root="2.16.840.1.113883.19.5" extension="314169" />
    <code code="34133-9" codeSystem="2.16.840.1.113883.6.1" />
    <title>Continuity of Care Document</title>
    <effectiveTime value="20240808" />
    <confidentialityCode code="N" codeSystem="2.16.840.1.113883.5.25" />
    <languageCode code="en-US" />
    <setId root="2.16.840.1.113883.19.7" extension="BB35" />
    <versionNumber value="1" />
    <recordTarget>
        <patientRole>
            <id extension="12345" root="2.16.840.1.113883.19.5" />
            <patient>
                <name>
                    <given>Jackson</given>
                    <family>Smith</family>
                </name>
                <administrativeGenderCode code="M" codeSystem="2.16.840.1.113883.5.1" />
                <birthTime value="19840319" />
            </patient>
        </patientRole>
    </recordTarget>
    <author>
        <time value="20240808" />
        <assignedAuthor>
            <id root="2.16.840.1.113883.19.5" extension="KP00030" />
            <assignedPerson>
                <name>
                    <given>Olivia</given>
                    <family>Martin</family>
                </name>
            </assignedPerson>
        </assignedAuthor>
    </author>
    <custodian>
        <assignedCustodian>
            <representedCustodianOrganization>
                <id root="2.16.840.1.113883.19.5" extension="KP0024" />
                <name>Regional Health Alliance</name>
            </representedCustodianOrganization>
        </assignedCustodian>
    </custodian>
</ClinicalDocument>
