[ {
  "recipient" : "netspective@test.directproject.net",
  "sender" : "provider1@test.directproject.net",
  "messageId" : "<00000191-31c8-a179-d9f7-ae67ed7c3b80.provider1@test.directproject.net>",
  "messageUId" : "00000191-31c8-a179-d9f7-ae67ed7c3b80",
  "numAttachments" : 1,
  "content" : {
    "mimeType" : "text/plain; charset=\"us-ascii\"",
    "length" : "77",
    "headers" : {
      "date" : "8/8/24 7:38 am",
      "subject" : "MR - Christian753 Kerluke267",
      "from" : "provider1@test.directproject.net",
      "to" : "netspective@test.directproject.net"
    },
    "body" : "Medical Information (MI) is the collection, handling and dissemination of information on medications, and their safe and correct use. The MI department or function is the primary interface between the Marketing Authorisation Holder and the patient/consumer or healthcare professional."
  },
  "attachments" : [ {
    "filename" : "attachment1.xml",
    "mimeType" : "application/xml; charset=\"utf-8\"",
    "length" : "49200",
    "desc" : "file description",
    "content" : "<BINARY>",
    "filePath" : "/ingest/00000191-31c8-a179-d9f7-ae67ed7c3b80_20240808171502355_attachment1.xml"
  },{
    "filename" : "sample.xml",
    "mimeType" : "application/pdf; charset=\"utf-8\"",
    "length" : "49200",
    "desc" : "file description",
    "content" : "<BINARY>",
    "filePath" : "/ingest/00000191-31c8-a179-d9f7-ae67ed7c3b80_20240808171502355_sample.pdf"
  } ],
  "status" : "success"
} ]