[ {
  "messageId" : "<00000191-31c8-a179-d9f7-ae67ed7c3b80.provider1@test.directproject.net>",
  "messageUId" : "00000191-31c8-a179-d9f7-ae67ed7c3b80",
  "statusCode" : "dispatched",
  "recipient" : "netspective1@test.directproject.net"
}, {
  "messageId" : "<00000191-31cc-094e-5d55-2350c46e8db0.provider2@test.directproject.net>",
  "messageUId" : "00000191-31cc-094e-5d55-2350c46e8db0",
  "statusCode" : "dispatched",
  "recipient" : "netspective1@test.directproject.net"
}, {
  "messageId" : "<00000191-31cb-8187-3d4f-824c6a342510.provider3@test.directproject.net>",
  "messageUId" : "00000191-31cb-8187-3d4f-824c6a342510",
  "statusCode" : "dispatched",
  "recipient" : "netspective1@test.directproject.net"
}, {
  "messageId" : "<00000191-31cc-9cec-d7b0-bb562f96d410.provider4@test.directproject.net>",
  "messageUId" : "00000191-31cc-9cec-d7b0-bb562f96d410",
  "statusCode" : "dispatched",
  "recipient" : "netspective1@test.directproject.net"
} ]